,name,code
0,DSR,155660
1,GS,078930
2,GS글로벌,001250
3,HDC현대산업개발,294870
4,LG이노텍,011070
5,LG전자,066570
6,LG헬로비전,037560
7,OCI,010060
8,S&TC,100840
9,S&T모티브,064960
10,SK네트웍스,001740
11,SK이노베이션,096770
12,STX,011810
13,WISCOM,024070
14,YG PLUS,037270
15,갤럭시아에스엠,011420
16,고려아연,010130
17,국보,001140
18,극동유화,014530
19,까뮤이앤씨,013700
20,남양유업,003920
21,대덕전자,353200
22,대영포장,014160
23,대한해운,005880
24,동아쏘시오홀딩스,000640
25,동양,001520
26,두산,000150
27,락앤락,115390
28,마니커,027740
29,메리츠증권,008560
30,모두투어리츠,204210
31,부국증권,001270
32,비케이탑스,030790
33,삼성SDI,006400
34,삼성바이오로직스,207940
35,삼성출판사,068290
36,삼성화재해상보험,000810
37,삼양홀딩스,000070
38,삼영전자공업,005680
39,삼영화학공업,003720
40,상상인증권,001290
41,선도전기,007610
42,선진,136490
43,세방전지,004490
44,세원셀론텍,091090
45,신풍제약,019170
46,신한알파리츠,293940
47,신한지주,055550
48,애경산업,018250
49,에넥스,011090
50,에스원,012750
51,영화금속,012280
52,윌비스,008600
53,유나이티드,033270
54,인지컨트롤스,023800
55,인터지스,129260
56,일성건설,013360
57,일진다이아,081000
58,제일약품,271980
59,제일연마,001560
60,제일파마홀딩스,002620
61,제주항공,089590
62,조흥,002600
63,지역난방공사,071320
64,진도,088790
65,컨버즈,109070
66,코오롱인더,120110
67,키다리스튜디오,020120
68,태경산업,015890
69,태광산업,003240
70,태양금속공업,004100
71,포스코강판,058430
72,포스코케미칼,003670
73,필룩스,033180
74,한국공항,005430
75,한국제지,002300
76,한국종합기술,023350
77,한국철강,104700
78,한국패러랠,168490
79,한라홀딩스,060980
80,한미사이언스,008930
81,한미약품,128940
82,한솔로지스틱스,009180
83,한일철강,002220
84,한일현대시멘트,006390
85,한창제지,009460
86,한화생명,088350
87,한화시스템,272210
88,현대건설,000720
89,현대건설기계,267270
90,현대모비스,012330
91,현대비앤지스틸,004560
92,현대엘리베이터,017800
93,현대중공업지주,267250
94,현대차증권,001500
95,현대홈쇼핑,057050
96,호전실업,111110
97,호텔신라,008770
98,효성중공업,298040
99,CJ프레시웨이,051500
100,EDGC,245620
101,GH신소재,130500
102,GST,083450
103,GS홈쇼핑,028150
104,JW신약,067290
105,KB오토시스,024120
106,KG모빌리언스,046440
107,SK5호스팩,337450
108,SK6호스팩,340350
109,THE E&M,089230
110,TJ미디어,032540
111,YW,051390
112,갤럭시아컴즈,094480
113,경남바이오파마,044480
114,경창산업,024910
115,고려시멘트,198440
116,골프존,215000
117,교보8호스팩,307280
118,국순당,043650
119,그리티,204020
120,나노브릭,286750
121,나스미디어,089600
122,네오티스,085910
123,네이처셀,007390
124,녹십자셀,031390
125,뉴인텍,012340
126,뉴프렉스,085670
127,대봉엘에스,078140
128,대유에이피,290120
129,대주산업,003310
130,대한약품,023910
131,동구바이오제약,006620
132,동방선기,099410
133,디에이피,066900
134,디엔에이링크,127120
135,디엔에프,092070
136,디오,039840
137,디지틀조선,033130
138,디케이앤디,263020
139,라이트론,069540
140,루미마이크로,082800
141,룽투코리아,060240
142,링크제니시스,219420
143,매일홀딩스,005990
144,메디톡스,086900
145,메탈라이프,327260
146,모베이스전자,012860
147,모비스,250060
148,모트렉스,118990
149,미래SCI,028040
150,미스터블루,207760
151,바디텍메드,206640
152,바이넥스,053030
153,브이티지엠피,018290
154,삼보판지,023600
155,삼본전자,111870
156,삼아제약,009300
157,상상인인더스트리,101000
158,상지카일룸,042940
159,서암기계공업,100660
160,성창오토텍,080470
161,세보엠이씨,011560
162,세종메디칼,258830
163,세코닉스,053450
164,셀루메드,049180
165,셀바스헬스케어,208370
166,스페코,013810
167,승일,049830
168,심텍,222800
169,싸이토젠,217330
170,쎄미시스코,136510
171,씨유메디칼,115480
172,씨케이에이치,900120
173,아나패스,123860
174,아바텍,149950
175,아이센스,099190
176,아이씨디,040910
177,아이씨케이,068940
178,아이원스,114810
179,아이즈비전,031310
180,아이티센,124500
181,알리코제약,260660
182,알에프세미,096610
183,알에프텍,061040
184,알테오젠,196170
185,에스아이리소스,065420
186,에스에프씨,112240
187,에스코넥,096630
188,에쎈테크,043340
189,에이루트,096690
190,에이티넘인베스트,021080
191,에코프로비엠,247540
192,엑세스바이오,950130
193,엑시콘,092870
194,엔에스엔,031860
195,엔터메이트,206400
196,엔피케이,048830
197,엠게임,058630
198,엠벤처투자,019590
199,엠씨넥스,097520
200,영화테크,265560
201,오공,045060
202,오픈베이스,049480
203,옵티시스,109080
204,와이지-원,019210
205,우리바이오,082850
206,원익QnC,074600
207,원익큐브,014190
208,원풍물산,008290
209,웨이브일렉트로,095270
210,웰크론,065950
211,위지트,036090
212,유니온커뮤니티,203450
213,유니테크노,241690
214,유신,054930
215,유안타제5호스팩,336060
216,유진스팩5호,331380
217,유진테크,084370
218,유티아이,179900
219,이스트소프트,047560
220,이엠넷,123570
221,이엠코리아,095190
222,이지웰,090850
223,인베니아,079950
224,인텍플러스,064290
225,자이글,234920
226,정상제이엘에스,040420
227,제우스,079370
228,제이엠티,094970
229,제이웨이,058420
230,제일제강,023440
231,제주반도체,080220
232,젬백스,082270
233,조아제약,034940
234,주성엔지니어링,036930
235,지엔씨에너지,119850
236,지엔코,065060
237,캐스텍코리아,071850
238,케이비제20호스팩,342550
239,케이알피앤이,060900
240,케이피엠테크,042040
241,케이피티유,054410
242,켄코아에어로스페이스,274090
243,코렌,078650
244,코스온,069110
245,코프라,126600
246,키네마스터,139670
247,토탈소프트,045340
248,트루윈,105550
249,특수건설,026150
250,티앤알바이오팹,246710
251,티에스이,131290
252,파세코,037070
253,파커스,065690
254,판타지오,032800
255,패션플랫폼,225590
256,푸드웰,005670
257,프로스테믹스,203690
258,피에스엠씨,024850
259,하나금융15호스팩,341160
260,하이즈항공,221840
261,한국맥널티,222980
262,한국코퍼레이션,050540
263,한양디지텍,078350
264,한일진공,123840
265,한일화학,007770
266,한컴MDS,086960
267,해마로푸드서비스,220630
268,화성밸브,039610
269,화이브라더스코리아,204630
270,휴맥스,115160
271,LPK로보틱스,183350
272,나눔테크,244880
273,다원넥스뷰,323350
274,선바이오,067370
275,시그넷이브이,260870
276,에듀파트너,208890
277,에스알바이오텍,270210
278,에스엘에스바이오,246250
279,에프앤가이드,064850
280,엠앤씨생명과학,225860
281,옐로페이,179720
282,유투바이오,221800
283,이도바이오,336040
284,인카금융서비스,211050
285,전우정밀,120780
286,지놈앤컴퍼니,314130
287,진코스텍,250030
288,큐엠씨,136660
289,티케이씨,191600
290,티티씨디펜스,309900
291,파워풀엑스,266870
292,BGF리테일,282330
293,CJ CGV,079160
294,CJ대한통운,000120
295,GKL,114090
296,GS건설,006360
297,KB금융,105560
298,SG충방,001380
299,SKC,011790
300,금강공업,014280
301,금호산업,002990
302,금호전기,001210
303,기업은행,024110
304,남선알미늄,008350
305,남성,004270
306,대구백화점,006370
307,대우건설,047040
308,대원제약,003220
309,대한방직,001070
310,대한제강,084010
311,대한제당,001790
312,대현,016090
313,덕양산업,024900
314,동원금속,018500
315,두산인프라코어,042670
316,디씨엠,024090
317,디티알오토모티브,007340
318,롯데손해보험,000400
319,롯데칠성음료,005300
320,만도,204320
321,미래에셋생명,085620
322,미원홀딩스,107590
323,백산,035150
324,보락,002760
325,사조대림,003960
326,사조동아원,008040
327,삼부토건,001470
328,삼호,001880
329,서원,021050
330,세방,004360
331,세아홀딩스,058650
332,세이브존I&C,067830
333,신송홀딩스,006880
334,신일전자,002700
335,써니전자,004770
336,아시아나항공,020560
337,아이마켓코리아,122900
338,아이에이치큐,003560
339,에이블씨엔씨,078520
340,엔씨소프트,036570
341,영보화학,014440
342,영진약품,003520
343,영풍,000670
344,예스코홀딩스,015360
345,유니온,000910
346,유니온머티리얼,047400
347,유성기업,002920
348,유유제약,000220
349,유한양행,000100
350,이마트,139480
351,이수화학,005950
352,이스타코,015020
353,인천도시가스,034590
354,일정실업,008500
355,종근당,185750
356,종근당홀딩스,001630
357,지엠비코리아,013870
358,진원생명과학,011000
359,케이씨텍,281820
360,코리아써키트,007810
361,코스모화학,005420
362,코아스,071950
363,코오롱플라스틱,138490
364,쿠쿠홀딩스,192400
365,큐로,015590
366,태영건설,009410
367,티비에이치글로벌,084870
368,하이트론씨스템즈,019490
369,하이트진로,000080
370,한국금융지주,071050
371,한국전자홀딩스,006200
372,한국테크놀로지그룹,000240
373,한국토지신탁,034830
374,한일시멘트,300720
375,한전KPS,051600
376,해태제과식품,101530
377,현대에이치씨엔,126560
378,현대위아,011210
379,현대코퍼레이션홀딩스,227840
380,화승인더스트리,006060
381,화천기공,000850
382,환인제약,016580
383,효성,004800
384,효성화학,298000
385,흥아해운,003280
386,APS홀딩스,054620
387,CJ ENM,035760
388,CMG제약,058820
389,CS,065770
390,CSA 코스믹,083660
391,EG,037370
392,HRS,036640
393,MP그룹,065150
394,NICE평가정보,030190
395,PN풍년,024940
396,SCI평가정보,036120
397,SM C&C,048550
398,SNK,950180
399,감마누,192410
400,게임빌,063080
401,광림,014200
402,국영지앤엠,006050
403,나노엔텍,039860
404,나이벡,138610
405,남화토건,091590
406,넥스턴,089140
407,넵튠,217270
408,노바렉스,194700
409,누리텔레콤,040160
410,뉴파워프라즈마,144960
411,뉴프라이드,900100
412,대성파인텍,104040
413,대아티아이,045390
414,대주전자재료,078600
415,대창솔루션,096350
416,덕산네오룩스,213420
417,데브시스터즈,194480
418,동아엘텍,088130
419,디알텍,214680
420,디엠티,134580
421,디이엔티,079810
422,딜리,131180
423,라이브플렉스,050120
424,럭슬,033600
425,레드캡투어,038390
426,레이언스,228850
427,로보로보,215100
428,매직마이크로,127160
429,머큐리,100590
430,메디앙스,014100
431,메디포럼제약,047920
432,메이슨캐피탈,021880
433,메타바이오메드,059210
434,멕아이씨에스,058110
435,모두투어,080160
436,무림SP,001810
437,미래에셋대우스팩3호,328380
438,미래에셋벤처투자,100790
439,미코,059090
440,버킷스튜디오,066410
441,부스타,008470
442,비덴트,121800
443,비즈니스온,138580
444,비트컴퓨터,032850
445,사람인에이치알,143240
446,삼륭물산,014970
447,삼양옵틱스,225190
448,삼영이엔씨,065570
449,삼일,032280
450,삼일기업공사,002290
451,삼지전자,037460
452,삼진,032750
453,삼화네트웍스,046390
454,상보,027580
455,상신이디피,091580
456,서린바이오,038070
457,서울바이오시스,092190
458,서호전기,065710
459,성우하이텍,015750
460,세경하이테크,148150
461,세명전기,017510
462,셀바스AI,108860
463,손오공,066910
464,솔루에타,154040
465,수성,084180
466,슈펙스비앤피,058530
467,슈프리마,236200
468,신라섬유,001000
469,신라에스지,025870
470,신라젠,215600
471,신영스팩5호,323280
472,아가방컴퍼니,013990
473,아모텍,052710
474,아미코젠,092040
475,아이에이,038880
476,아이에이네트웍스,123010
477,아이엠이연이,090740
478,아이오케이,078860
479,아이톡시,052770
480,아이티엠반도체,084850
481,액트로,290740
482,앱클론,174900
483,에스에스알,275630
484,에스제이그룹,306040
485,에스제이케이,080440
486,에스티팜,237690
487,에이치엘비,028300
488,에이프런티어,036180
489,에코마이스터,064510
490,에프알텍,073540
491,에프에스티,036810
492,엑스큐어,070300
493,엔시트론,101400
494,엔에이치스팩12호,273060
495,엔에이치스팩14호,319400
496,엔지켐생명과학,183490
497,엔케이맥스,182400
498,엘앤케이바이오,156100
499,연우,115960
500,영신금속,007530
501,예림당,036000
502,오르비텍,046120
503,오성첨단소재,052420
504,오션브릿지,241790
505,우리손에프앤지,073560
506,우수AMS,066590
507,원일특강,012620
508,윈하이텍,192390
509,윌링스,313760
510,유니테스트,086390
511,유안타제6호스팩,340360
512,육일씨엔에쓰,191410
513,이글루시큐리티,067920
514,이글벳,044960
515,이녹스,088390
516,이랜시스,264850
517,이베스트스팩5호,349720
518,이에스에이,052190
519,이엠앤아이,083470
520,이엠텍,091120
521,이즈미디어,181340
522,이지케어텍,099750
523,인선이엔티,060150
524,인포마크,175140
525,인포바인,115310
526,인포뱅크,039290
527,잉크테크,049550
528,전진바이오팜,110020
529,정다운,208140
530,제이스텍,090470
531,제일바이오,052670
532,젬백스지오,041590
533,줌인터넷,239340
534,지니뮤직,043610
535,지니언스,263860
536,지란지교시큐리티,208350
537,지스마트글로벌,114570
538,진매트릭스,109820
539,참좋은여행,094850
540,천보,278280
541,카페24,042000
542,케이비제19호스팩,330990
543,케이씨피드,025880
544,케이엔더블유,105330
545,코너스톤네트웍스,033110
546,코데즈컴바인,047770
547,코메론,049430
548,코미팜,041960
549,코아시아,045970
550,코오롱생명과학,102940
551,코웰패션,033290
552,코위버,056360
553,콜마비앤에이치,200130
554,큐브엔터,182360
555,크로바하이텍,043590
556,클리오,237880
557,키움제5호스팩,311270
558,테고사이언스,191420
559,테스나,131970
560,파루,043200
561,파수,150900
562,파워로직스,047310
563,파인디지털,038950
564,팬엔터테인먼트,068050
565,펌텍코리아,251970
566,풍강,093380
567,피에스텍,002230
568,하나마이크론,067310
569,하이록코리아,013030
570,한국경제TV,039340
571,한국바이오젠,318000
572,한국비엔씨,256840
573,한국아트라스비엑스,023890
574,한국알콜,017890
575,한국전자인증,041460
576,한국정보통신,025770
577,한국팩키지,037230
578,한글과컴퓨터,030520
579,한일단조,024740
580,한컴위드,054920
581,한탑,002680
582,현진소재,053660
583,형지I&C,011080
584,휴네시온,290270
585,휴맥스홀딩스,028080
586,흥국에프엔비,189980
587,KC산업,112190
588,SGA임베디드,224880
589,구스앤홈,329050
590,노드메이슨,317860
591,노브메타파마,229500
592,다이노나,086080
593,다이오진,271850
594,대주이엔티,114920
595,도부마스크,227420
596,듀켐바이오,176750
597,디피코,163430
598,래몽래인,200350
599,로보쓰리,238500
600,비플라이소프트,148780
601,썬테크,217320
602,앙츠,267810
603,에이치엔에스하이텍,044990
604,오션스톤,329020
605,이노벡스,279060
606,테크엔,308700
607,테크트랜스,258050
608,틸론,217880
609,플럼라인생명과학,222670
610,휴럼,284420
611,AJ네트웍스,095570
612,CJ,001040
613,CJ제일제당,097950
614,DRB동일,004840
615,HDC아이콘트롤스,039570
616,HMM,011200
617,KPX케미칼,025000
618,KTis,058860
619,LG상사,001120
620,MH에탄올,023150
621,SBS,034120
622,SBS미디어홀딩스,101060
623,SK텔레콤,017670
624,강원랜드,035250
625,고려개발,004200
626,교보증권,030610
627,국제약품,002720
628,금양,001570
629,금호에이치티,214330
630,남해화학,025860
631,넥센타이어,002350
632,녹십자홀딩스,005250
633,농심홀딩스,072710
634,다스코,058730
635,대덕,008060
636,대웅제약,069620
637,대한유화,006650
638,더블유게임즈,192080
639,더존비즈온,012510
640,덕성,004830
641,동방아그로,007590
642,동서,026960
643,동성코퍼레이션,102260
644,동양생명,082640
645,동원산업,006040
646,드림텍,192650
647,디아이,003160
648,디와이,013570
649,디피씨,026890
650,롯데정밀화학,004000
651,롯데정보통신,286940
652,맥쿼리인프라,088980
653,메타랩스,090370
654,명문제약,017180
655,모토닉,009680
656,미원화학,134380
657,범양건영,002410
658,베트남개발1,096300
659,빙그레,005180
660,삼성에스디에스,018260
661,삼성중공업,010140
662,삼성증권,016360
663,삼성카드,029780
664,삼양통상,002170
665,삼영무역,002810
666,삼정펄프,009770
667,샘표식품,248170
668,서연이화,200880
669,성보화학,003080
670,세아제강,306200
671,센트랄모텍,308170
672,송원산업,004430
673,신성이엔지,011930
674,신세계인터내셔날,031430
675,신세계푸드,031440
676,신영증권,001720
677,신한,005450
678,신화실업,001770
679,아세아시멘트,183190
680,엔에이치엔,181710
681,유니켐,011330
682,유화증권,003460
683,이구산업,025820
684,일성신약,003120
685,제이에스코퍼레이션,194370
686,조비,001550
687,조선선재,120030
688,종근당바이오,063160
689,진양화학,051630
690,청호컴넷,012600
691,케이탑리츠,145270
692,코스모신소재,005070
693,코웨이,021240
694,키위미디어그룹,012170
695,태평양물산,007980
696,테이팩스,055490
697,텔코웨어,078000
698,팜스코,036580
699,퍼시스,016800
700,풍산홀딩스,005810
701,하나니켈1호,099340
702,하이스틸,071090
703,한국석유공업,004090
704,한국수출포장공업,002200
705,한국자산신탁,123890
706,한국주강,025890
707,한국콜마홀딩스,024720
708,한샘,009240
709,한솔홀딩스,004150
710,한신기계공업,011700
711,한화에어로스페이스,012450
712,현대리바트,079430
713,현대자동차,005380
714,효성 ITX,094280
715,휴니드테크놀러지스,005870
716,DB금융스팩7호,322780
717,IBKS제10호스팩,299170
718,JTC,950170
719,KCC건설,021320
720,KCI,036670
721,KG ETS,151860
722,KMH,122450
723,NEW,160550
724,SBI핀테크솔루션즈,950110
725,SGA솔루션즈,184230
726,SKC코오롱PI,178920
727,SK바이오랜드,052260
728,SM Life Design,063440
729,W홀딩컴퍼니,052300
730,교보9호스팩,331520
731,나노신소재,121600
732,나인테크,267320
733,넥슨지티,041140
734,노터스,278650
735,녹원씨엔아이,065560
736,누리플랜,069140
737,다산네트웍스,039560
738,다원시스,068240
739,대원산업,005710
740,대유,290380
741,덕신하우징,090410
742,데일리블록체인,139050
743,동신건설,025950
744,동일기연,032960
745,듀오백,073190
746,드림씨아이에스,223250
747,디지아이,043360
748,디지털대성,068930
749,디티앤씨,187220
750,램테크놀러지,171010
751,레고켐바이오,141080
752,레드로버,060300
753,로고스바이오,238120
754,로보스타,090360
755,리드코프,012700
756,메디포스트,078160
757,바이오니아,064550
758,베뉴지,019010
759,베셀,177350
760,보라티알,250000
761,부방,014470
762,브리지텍,064480
763,삼진엘앤디,054090
764,삼천리자전거,024950
765,삼현철강,017480
766,상아프론테크,089980
767,서산,079650
768,서진오토모티브,122690
769,성우테크론,045300
770,세운메디칼,100700
771,세종텔레콤,036630
772,소프트캠프,258790
773,솔본,035610
774,수산아이앤티,050960
775,슈피겐코리아,192440
776,스맥,099440
777,시공테크,020710
778,시그네틱스,033170
779,신신제약,002800
780,신테카바이오,226330
781,신한제5호스팩,323230
782,신한제6호스팩,333050
783,실리콘웍스,108320
784,쎄트렉아이,099320
785,씨엠에스에듀,225330
786,씨큐브,101240
787,아리온,058220
788,아비코전자,036010
789,아진산업,013310
790,아프리카TV,067160
791,알티캐스트,085810
792,애니젠,196300
793,액션스퀘어,205500
794,앤디포스,238090
795,에스앤더블류,103230
796,에스앤씨엔진그룹,900080
797,에스에프에이,056190
798,에스엠코어,007820
799,에스트래픽,234300
800,에스퓨얼셀,288620
801,에이디칩스,054630
802,에이비엘바이오,298380
803,에이스침대,003800
804,에이스토리,241840
805,에이치시티,072990
806,에이텍티앤,224110
807,엑셈,205100
808,엔브이에이치코리아,067570
809,엔텔스,069410
810,엘디티,096870
811,엘아이에스,138690
812,엘컴텍,037950
813,예스티,122640
814,오스테오닉,226400
815,오텍,067170
816,원익머트리얼즈,104830
817,원익홀딩스,030530
818,원풍,008370
819,웹젠,069080
820,위닉스,044340
821,위메이드,112040
822,유비벨록스,089850
823,유비케어,032620
824,유비쿼스,264450
825,유비쿼스홀딩스,078070
826,유안타제4호스팩,313750
827,이건홀딩스,039020
828,이노와이어리스,073490
829,이노와이즈,086250
830,이녹스첨단소재,272290
831,이랜텍,054210
832,이수앱지스,086890
833,이에스브이,223310
834,인성정보,033230
835,인탑스,049070
836,재영솔루텍,049630
837,제낙스,065620
838,제이티,089790
839,지티지웰니스,219750
840,진바이오텍,086060
841,진성티이씨,036890
842,캐리소프트,317530
843,캠시스,050110
844,케어젠,214370
845,케이비제18호스팩,323940
846,케이피에프,024880
847,코나아이,052400
848,코드네이처,078940
849,코리아에셋투자증권,190650
850,코미코,183300
851,코썬바이오,204990
852,코이즈,121850
853,키이스트,054780
854,탑엔지니어링,065130
855,태웅로직스,124560
856,텔콘RF제약,200230
857,토비스,051360
858,티라유텍,322180
859,티씨케이,064760
860,파라다이스,034230
861,파멥신,208340
862,파버나인,177830
863,파워넷,037030
864,팍스넷,038160
865,프로텍,053610
866,플레이디,237820
867,피에스케이,319660
868,픽셀플러스,087600
869,필옵틱스,161580
870,하나금융14호스팩,332710
871,한국제7호스팩,291210
872,한국캐피탈,023760
873,한류AI센터,222810
874,한일네트웍스,046110
875,헬릭스미스,084990
876,휴젤,145020
877,희림,037440
878,단디바이오,343090
879,럭스피아,092590
880,바이오프로테크,199290
881,뿌리깊은나무들,266170
882,시큐센,232830
883,씨앤에스링크,245450
884,엄지하우스,224810
885,에스앤디,260970
886,에스제이켐,217910
887,엠에프엠코리아,251960
888,유엑스엔,337840
889,이십일스토어,270020
890,이엔드디,101360
891,이엠티,232530
892,태양기계,116100
893,티에스아이,277880
894,피엔아이컴퍼니,242350
895,한중엔시에스,107640
896,DSR제강,069730
897,JW중외제약,001060
898,JW홀딩스,096760
899,KG동부제철,016380
900,KPX홀딩스,092230
901,KSS해운,044450
902,LF,093050
903,LG하우시스,108670
904,LG화학,051910
905,LIG넥스원,079550
906,LS,006260
907,NAVER,035420
908,NH투자증권,005940
909,NI스틸,008260
910,SH에너지화학,002360
911,SK증권,001510
912,SK하이닉스,000660
913,경인양행,012610
914,경인전자,009140
915,기신정기,092440
916,남영비비안,002070
917,녹십자,006280
918,대교,019680
919,대동전자,008110
920,대림비앤코,005750
921,대창,012800
922,동국제강,001230
923,동화약품,000020
924,두산솔루스,336370
925,디아이동일,001530
926,디아이씨,092200
927,롯데관광개발,032350
928,롯데케미칼,011170
929,맵스리얼티1,094800
930,무학,033920
931,미래아이앤지,007120
932,바다로19호,155900
933,부산주공,005030
934,비티원,101140
935,사조씨푸드,014710
936,삼성물산,028260
937,삼성전자,005930
938,삼성제약,001360
939,삼양식품,003230
940,삼원강재,023000
941,삼익THK,004380
942,삼일제약,000520
943,삼진제약,005500
944,삼화왕관,004450
945,서연,007860
946,선창산업,002820
947,성신양회,004980
948,세기상사,002420
949,세아특수강,019440
950,세우글로벌,013000
951,세원정공,021820
952,세진중공업,075580
953,셀트리온,068270
954,신라교역,004970
955,신성통상,005390
956,신세계,004170
957,아모레퍼시픽,090430
958,아세아,002030
959,아이에스동서,010780
960,에스제이엠,123700
961,에이리츠,140910
962,에이엔피,015260
963,엔케이,085310
964,엔피씨,004250
965,영원무역홀딩스,009970
966,우리들휴브레인,118000
967,우신시스템,017370
968,우진,105840
969,우진플라임,049800
970,웅진에너지,103130
971,유니드,014830
972,유진증권,001200
973,이건산업,008250
974,이연제약,102460
975,이월드,084680
976,인스코비,006490
977,조광페인트,004910
978,조선내화,000480
979,지누스,013890
980,진에어,272450
981,참엔지니어링,009310
982,케이씨씨,002380
983,케이씨씨글라스,344820
984,코리아오토글라스,152330
985,코오롱글로벌,003070
986,쿠쿠홈시스,284740
987,태경케미컬,006890
988,토니모리,214420
989,페이퍼코리아,001020
990,포스코,005490
991,하나니켈2호,099350
992,하나제약,293480
993,한국특수형강,007280
994,한국화장품제조,003350
995,한미글로벌,053690
996,한솔피엔에스,010420
997,한양증권,001750
998,한진중공업,097230
999,한진중공업홀딩스,003480
1000,한화,000880
1001,한화솔루션,009830
1002,현대에너지솔루션,322000
1003,현대일렉트릭,267260
1004,현대제철,004020
1005,황금에스티,032560
1006,DSC인베스트먼트,241520
1007,NHN벅스,104200
1008,SDN,099220
1009,SK4호스팩,307070
1010,SKC 솔믹스,057500
1011,SK머티리얼즈,036490
1012,UCI,038340
1013,WI,073570
1014,가비아,079940
1015,강스템바이오텍,217730
1016,경남스틸,039240
1017,국일신동,060480
1018,글로벌텍스프리,204620
1019,글로본,019660
1020,나노,187790
1021,네오셈,253590
1022,네오위즈홀딩스,042420
1023,네이블커뮤니케이션즈,153460
1024,넥스트BT,065170
1025,대성미생물,036480
1026,대신밸런스제7호스팩,332290
1027,대양전기공업,108380
1028,대원,007680
1029,대한뉴팜,054670
1030,덕산테코피아,317330
1031,덕산하이메탈,077360
1032,동국산업,005160
1033,동국제약,086450
1034,동진쎄미켐,005290
1035,두올산업,078590
1036,디바이스이엔지,187870
1037,디알젬,263690
1038,디에스티,033430
1039,라이브파이낸셜,036170
1040,라이온켐텍,171120
1041,러셀,217500
1042,레이크머티리얼즈,281740
1043,로지시스,067730
1044,링네트,042500
1045,마이크로프랜드,147760
1046,메가스터디교육,215200
1047,모헨즈,006920
1048,민앤지,214180
1049,바이온,032980
1050,비디아이,148140
1051,비에이치아이,083650
1052,삼원테크,073640
1053,새로닉스,042600
1054,서연탑메탈,019770
1055,서울반도체,046890
1056,서울전자통신,027040
1057,서원인텍,093920
1058,선데이토즈,123420
1059,성호전자,043260
1060,세원,234100
1061,셀트리온제약,068760
1062,슈프리마에이치큐,094840
1063,스킨앤스킨,159910
1064,스타플렉스,115570
1065,스튜디오드래곤,253450
1066,시노펙스,025320
1067,신원종합개발,017000
1068,신흥에스이씨,243840
1069,씨앤지하이테크,264660
1070,씨티씨바이오,060590
1071,아세아텍,050860
1072,아스타,246720
1073,아스트,067390
1074,아시아종묘,154030
1075,아우딘퓨쳐스,227610
1076,아이엘사이언스,307180
1077,아이진,185490
1078,아이큐어,175250
1079,아이크래프트,052460
1080,알에스오토메이션,140670
1081,액트,131400
1082,에스디생명공학,217480
1083,에스모 머티리얼즈,087730
1084,에스텍파마,041910
1085,에이비프로바이오,195990
1086,에이스테크,088800
1087,에이치엔티,176440
1088,에이치엘사이언스,239610
1089,에이티세미콘,089530
1090,에이팩트,200470
1091,에이프로젠 H&G,109960
1092,에코플라스틱,038110
1093,엑사이엔씨,054940
1094,엔에스,217820
1095,엔피디,198080
1096,엘오티베큠,083310
1097,엠플러스,259630
1098,예스24,053280
1099,오가닉티코스메틱,900300
1100,옵트론텍,082210
1101,옵티팜,153710
1102,와이솔,122990
1103,와이아이케이,232140
1104,우노앤컴퍼니,114630
1105,우리산업홀딩스,072470
1106,우림기계,101170
1107,우양,103840
1108,원익,032940
1109,유성티엔에스,024800
1110,유에스티,263770
1111,이노인스트루먼트,215790
1112,이디티,215090
1113,이루온,065440
1114,이엘피,063760
1115,이트론,096040
1116,인터파크,108790
1117,인터플렉스,051370
1118,일야,058450
1119,잉글우드랩,950140
1120,전파기지국,065530
1121,제너셈,217190
1122,제넨바이오,072520
1123,제노레이,122310
1124,제로투세븐,159580
1125,제룡전기,033100
1126,제이씨현시스템,033320
1127,조광ILI,044060
1128,초록뱀,047820
1129,칩스앤미디어,094360
1130,컴퍼니케이,307930
1131,케이사인,192250
1132,케이씨에스,115500
1133,케이아이엔엑스,093320
1134,켐온,217600
1135,코맥스,036690
1136,코세스,089890
1137,코스맥스엔비티,222040
1138,코스메카코리아,241710
1139,코엔텍,029960
1140,코텍,052330
1141,큐캐피탈,016600
1142,크리스탈신소재,900250
1143,타이거일렉,219130
1144,티로보틱스,117730
1145,파마리서치프로덕트,214450
1146,파인디앤씨,049120
1147,파인텍,131760
1148,펩트론,087010
1149,포스링크,056730
1150,풍국주정,023900
1151,퓨쳐켐,220100
1152,피델릭스,032580
1153,피씨디렉트,051380
1154,피에스케이홀딩스,031980
1155,하이로닉,149980
1156,하이소닉,106080
1157,한국유니온제약,080720
1158,한국전자금융,063570
1159,한국컴퓨터,054040
1160,한국테크놀로지,053590
1161,한일사료,005860
1162,헝셩그룹,900270
1163,현대바이오,048410
1164,효성오앤비,097870
1165,휴온스,243070
1166,메디쎄이,200580
1167,빅텐츠,210120
1168,씨알푸드,236030
1169,씨이랩,189330
1170,아퓨어스,149300
1171,에스엠비나,299670
1172,엘에이티,311060
1173,위월드,140660
1174,제놀루션,225220
1175,지오씨,135160
1176,파마리서치바이오,217950
1177,피노텍,150440
1178,AK홀딩스,006840
1179,CJ씨푸드,011150
1180,DB금융투자,016610
1181,DGB금융지주,139130
1182,E1,017940
1183,HDC현대EP,089470
1184,KC코트렐,119650
1185,KEC,092220
1186,KISCO홀딩스,001940
1187,LG,003550
1188,LG디스플레이,034220
1189,LS전선아시아,229640
1190,NH프라임리츠,338100
1191,S&T중공업,003570
1192,S&T홀딩스,036530
1193,S-Oil,010950
1194,경동인베스트,012320
1195,계룡건설산업,013580
1196,고려제강,002240
1197,국동,005320
1198,노루페인트,090350
1199,대상,001680
1200,대성홀딩스,016710
1201,대우조선해양,042660
1202,대호에이엘,069460
1203,덴티움,145720
1204,동원F&B,049770
1205,두산중공업,034020
1206,롯데제과,280360
1207,만호제강,001080
1208,모나미,005360
1209,문배철강,008420
1210,미창석유공업,003650
1211,백광산업,001340
1212,벽산,007210
1213,부광약품,003000
1214,부국철강,026940
1215,부산도시가스,015350
1216,비상교육,100220
1217,사조산업,007160
1218,삼성공조,006660
1219,삼성생명,032830
1220,삼성전기,009150
1221,삼양패키징,272550
1222,삼화전기,009470
1223,새론오토모티브,075180
1224,샘표,007540
1225,서흥,008490
1226,세하,027970
1227,수산중공업,017550
1228,신세계I&C,035510
1229,신세계건설,034300
1230,신영와코루,005800
1231,신원,009270
1232,신풍제지,002870
1233,아주캐피탈,033660
1234,에이프로젠 KIC,007460
1235,엘브이엠씨,900140
1236,엘에스일렉트릭,010120
1237,오리온,271560
1238,우리금융지주,316140
1239,우성사료,006980
1240,웰바이오텍,010600
1241,유안타증권,003470
1242,일진머티리얼즈,020150
1243,일진전기,103590
1244,잇츠한불,226320
1245,조광피혁,004700
1246,조일알미늄,018470
1247,진흥기업,002780
1248,카카오,035720
1249,케이씨티시,009070
1250,케이티,030200
1251,코리안리,003690
1252,코스맥스비티아이,044820
1253,코오롱머티리얼,144620
1254,크라운제과,264900
1255,크라운해태홀딩스,005740
1256,태림포장,011280
1257,태원물산,001420
1258,티에이치엔,019180
1259,팬오션,028670
1260,평화산업,090080
1261,하나투어,039130
1262,한국프랜지공업,010100
1263,한독,002390
1264,한세엠케이,069640
1265,한솔제지,213500
1266,한솔케미칼,014680
1267,한솔테크닉스,004710
1268,한온시스템,018880
1269,한전산업,130660
1270,한진,002320
1271,해성디에스,195870
1272,현대해상,001450
1273,형지엘리트,093240
1274,혜인,003010
1275,화성산업,002460
1276,화승엔터프라이즈,241590
1277,휴비스,079980
1278,CNH,023460
1279,DMS,068790
1280,IBKS제11호스팩,335890
1281,ITX엠투엠,099520
1282,KBI메탈,024840
1283,KH바텍,060720
1284,KMH하이텍,052900
1285,KNN,058400
1286,KPX생명과학,114450
1287,KTH,036030
1288,KT서브마린,060370
1289,SBS콘텐츠허브,046140
1290,SG&G,040610
1291,SGA,049470
1292,SV인베스트먼트,289080
1293,TPC,048770
1294,TS인베스트먼트,246690
1295,YBM넷,057030
1296,iMBC,052220
1297,가온미디어,078890
1298,경동제약,011040
1299,고영,098460
1300,골드퍼시픽,038530
1301,골든센츄리,900280
1302,광진윈텍,090150
1303,구영테크,053270
1304,국보디자인,066620
1305,나이스정보통신,036800
1306,남화산업,111710
1307,네스엠,056000
1308,네오오토,212560
1309,네오위즈,095660
1310,네오크레마,311390
1311,넷게임즈,225570
1312,노랑풍선,104620
1313,노바텍,285490
1314,뉴보텍,060260
1315,다날,064260
1316,다우데이타,032190
1317,대원미디어,048910
1318,대한과학,131220
1319,대호피앤씨,021040
1320,대화제약,067080
1321,동아화성,041930
1322,동양파일,228340
1323,디앤씨미디어,263720
1324,라닉스,317120
1325,라온피플,300120
1326,랩지노믹스,084650
1327,로스웰,900260
1328,리더스코스메틱,016100
1329,린드먼아시아,277070
1330,마니커에프앤지,195500
1331,메가엠디,133750
1332,메드팩토,235980
1333,메카로,241770
1334,모베이스,101330
1335,모아텍,033200
1336,미래에셋대우스팩4호,333430
1337,바른손이앤에이,035620
1338,바이오스마트,038460
1339,바텍,043150
1340,보광산업,225530
1341,본느,226340
1342,브릿지바이오,288330
1343,블러썸엠앤씨,263920
1344,비엠티,086670
1345,비츠로셀,082920
1346,비츠로시스,054220
1347,삼기오토모티브,122350
1348,삼보모터스,053700
1349,삼영엠텍,054540
1350,삼천당제약,000250
1351,샘코,263540
1352,서울옥션,063170
1353,서한,011370
1354,성도이엔지,037350
1355,성우전자,081580
1356,세원물산,024830
1357,스카이문스테크놀로지,033790
1358,시너지이노베이션,048870
1359,시큐브,131090
1360,신성델타테크,065350
1361,신화인터텍,056700
1362,씨젠,096530
1363,아이컴포넌트,059100
1364,아즈텍WB,032080
1365,안랩,053800
1366,안트로젠,065660
1367,알서포트,131370
1368,애니플러스,310200
1369,어보브반도체,102120
1370,에버다임,041440
1371,에스넷,038680
1372,에스디시스템,121890
1373,에스앤에스텍,101490
1374,에스에이엠티,031330
1375,에스와이,109610
1376,에스티큐브,052020
1377,에스피지,058610
1378,에이피티씨,089970
1379,에코마케팅,230360
1380,에코바이오,038870
1381,에코캡,128540
1382,에프앤리퍼블릭,064090
1383,에프엔에스테크,083500
1384,엔바이오니아,317870
1385,엔에이치스팩13호,310840
1386,엔에이치스팩15,339950
1387,엘엠에스,073110
1388,엠아이텍,179290
1389,엠에스오토텍,123040
1390,엠케이전자,033160
1391,오스템임플란트,048260
1392,오이솔루션,138080
1393,올리패스,244460
1394,와이엠씨,155650
1395,와이엠티,251370
1396,와이오엠,066430
1397,와이제이엠게임즈,193250
1398,우리넷,115440
1399,우리조명,037400
1400,원익IPS,240810
1401,위세아이텍,065370
1402,유니슨,018000
1403,유니크,011320
1404,유아이디,069330
1405,유아이엘,049520
1406,유테크,178780
1407,이미지스,115610
1408,이상네트웍스,080010
1409,이지바이오,035810
1410,이큐셀,160600
1411,이테크건설,016250
1412,이퓨쳐,134060
1413,이화공영,001840
1414,인텔리안테크,189300
1415,인피니트헬스케어,071200
1416,일신바이오,068330
1417,장원테크,174880
1418,정원엔시스,045510
1419,제이씨케미칼,137950
1420,제이앤티씨,204270
1421,제이엘케이,322510
1422,좋은사람들,033340
1423,중앙백신,072020
1424,지어소프트,051160
1425,지엔원에너지,270520
1426,지트리비앤티,115450
1427,청보산업,013720
1428,카스,016920
1429,케이비17호스팩,317030
1430,케이에스피,073010
1431,코리아센터,290510
1432,큐리언트,115180
1433,크린앤사이언스,045520
1434,태웅,044490
1435,테라셈,182690
1436,토박스코리아,215480
1437,티케이케미칼,104480
1438,팅크웨어,084730
1439,파라텍,033540
1440,팜스토리,027710
1441,푸드나무,290720
1442,푸른저축은행,007330
1443,프리엠스,053160
1444,플랜티넷,075130
1445,플레이위드,023770
1446,피엔티,137400
1447,피제이메탈,128660
1448,하나머티리얼즈,166090
1449,한국선재,025550
1450,한국정보공학,039740
1451,한국큐빅,021650
1452,한독크린텍,256150
1453,한양이엔지,045100
1454,한화플러스제1호스팩,340440
1455,현대사료,016790
1456,현우산업,092300
1457,홈캐스트,064240
1458,휴메딕스,200670
1459,흥구석유,024060
1460,골프존데카,183410
1461,네추럴FNP,086220
1462,데이터스트림즈,199150
1463,명진홀딩스,267060
1464,미코바이오메드,214610
1465,비나텍,126340
1466,비엔디생활건강,215050
1467,비엔에프코퍼레이션,271780
1468,씨앗,103660
1469,아이케이세미콘,149010
1470,애드바이오텍,179530
1471,에스에이티이엔지,158300
1472,엔지브이아이,093510
1473,엘리비젼,276240
1474,이앤에치,341310
1475,이에스산업,241510
1476,제노텍,066830
1477,젠큐릭스,229000
1478,청광건설,140290
1479,펨토바이오메드,327610
1480,피엔에이치테크,239890
1481,CS홀딩스,000590
1482,DB,012030
1483,DB손해보험,005830
1484,F&F,007700
1485,GS리테일,007070
1486,HDC,012630
1487,JW생명과학,234080
1488,KC그린홀딩스,009440
1489,KR모터스,000040
1490,LG유플러스,032640
1491,SPC삼립,005610
1492,경농,002100
1493,경동도시가스,267290
1494,경방,000050
1495,광동제약,009290
1496,광주신세계,037710
1497,국도화학,007690
1498,금비,008870
1499,금호타이어,073240
1500,기아자동차,000270
1501,넷마블,251270
1502,대림산업,000210
1503,대림통상,006570
1504,대신증권,003540
1505,대양금속,009190
1506,대웅,003090
1507,대원강업,000430
1508,대원전선,006340
1509,대원화성,024890
1510,대유에이텍,002880
1511,동부건설,005960
1512,동북아12호선박투자,083370
1513,동성제약,002210
1514,동양고속,084670
1515,동양철관,008970
1516,동원수산,030720
1517,두산퓨얼셀,336260
1518,롯데쇼핑,023530
1519,롯데지주,004990
1520,메리츠화재,000060
1521,미원에스씨,268280
1522,부산산업,011390
1523,삼광글라스,005090
1524,삼성엔지니어링,028050
1525,삼익악기,002450
1526,삼천리,004690
1527,서울식품공업,004410
1528,성창기업지주,000180
1529,세종공업,033530
1530,시디즈,134790
1531,신도리코,029530
1532,쌍용자동차,003620
1533,쎌마테라퓨틱스,015540
1534,씨아이테크,004920
1535,아모레퍼시픽그룹,002790
1536,아시아나IDT,267850
1537,알루코,001780
1538,에스제이엠홀딩스,025530
1539,엔에스쇼핑,138250
1540,오뚜기,007310
1541,유양디앤유,011690
1542,이리츠코크렙,088260
1543,이수페타시스,007660
1544,이아이디,093230
1545,인디에프,014990
1546,일동홀딩스,000230
1547,일진홀딩스,015860
1548,자이에스앤디,317400
1549,자화전자,033240
1550,전방,000950
1551,제이준코스메틱,025620
1552,제이콘텐트리,036420
1553,제일기획,030000
1554,지투알,035000
1555,진양폴리우레탄,010640
1556,콤텍시스템,031820
1557,태경비케이,014580
1558,티웨이항공,091810
1559,퍼스텍,010820
1560,포스코인터내셔널,047050
1561,하이골드3호,153360
1562,한국ANKOR유전,152550
1563,한국내화,010040
1564,한국주철관공업,000970
1565,한국콜마,161890
1566,한국화장품,123690
1567,한라,014790
1568,한미반도체,042700
1569,한섬,020000
1570,한세실업,105630
1571,한솔홈데코,025750
1572,한올바이오파마,009420
1573,한화손해보험,000370
1574,핸즈코퍼레이션,143210
1575,현대오토에버,307950
1576,화인베스틸,133820
1577,화천기계,010660
1578,효성첨단소재,298050
1579,후성,093370
1580,휠라홀딩스,081660
1581,휴스틸,005010
1582,3S,060310
1583,EMW,079190
1584,JYP Ent.,035900
1585,RFHIC,218410
1586,경남제약,053950
1587,고려신용정보,049720
1588,광진실업,026910
1589,그린플러스,186230
1590,기산텔레콤,035460
1591,나무기술,242040
1592,나이스디앤비,130580
1593,네패스,033640
1594,대동금속,020400
1595,대림제지,017650
1596,대신밸런스제6호스팩,307750
1597,대신정보통신,020180
1598,더블유에프엠,035290
1599,동국알앤에스,075970
1600,동우팜투테이블,088910
1601,동운아나텍,094170
1602,디아이티,110990
1603,디에이치피코리아,131030
1604,디케이락,105740
1605,디케이티,290550
1606,라온시큐어,042510
1607,라파스,214260
1608,리노스,039980
1609,리더스 기술투자,019570
1610,마이크로컨텍솔,098120
1611,메가스터디,072870
1612,메지온,140410
1613,모다이노칩,080420
1614,미디어젠,279600
1615,미래나노텍,095500
1616,미래테크놀로지,213090
1617,바이오리더스,142760
1618,바이오빌,065940
1619,뷰웍스,100120
1620,브레인콘텐츠,066980
1621,블루콤,033560
1622,비에이치,090460
1623,비츠로테크,042370
1624,비피도,238200
1625,빅텍,065450
1626,삼강엠앤티,100090
1627,삼보산업,009620
1628,삼성머스트스팩3호,309930
1629,삼표시멘트,038500
1630,상상인이안1호스팩,307870
1631,서부T&D,006730
1632,선광,003100
1633,세미콘라이트,214310
1634,세진티에스,067770
1635,셀리드,299660
1636,수젠텍,253840
1637,신한제4호스팩,277480
1638,신화콘텍,187270
1639,쌍용정보통신,010280
1640,쎄니트,037760
1641,씨씨에스,066790
1642,씨엔플러스,115530
1643,아시아경제,127710
1644,아이디스홀딩스,054800
1645,아이쓰리시스템,214430
1646,아주IB투자,027360
1647,안국약품,001540
1648,알톤스포츠,123750
1649,알파홀딩스,117670
1650,압타바이오,293780
1651,야스,255440
1652,에스맥,097780
1653,에스모,073070
1654,에스에너지,095910
1655,에스에이티,060540
1656,에스엔유,080000
1657,에스티오,098660
1658,에이앤티앤,050320
1659,에이에프더블류,312610
1660,에이테크솔루션,071670
1661,에프엔씨엔터,173940
1662,엔지스테크널러지,208860
1663,엘비세미콘,061970
1664,엠에스씨,009780
1665,엠젠플러스,032790
1666,오디텍,080520
1667,오로라,039830
1668,오킨스전자,080580
1669,와이엔텍,067900
1670,와이지엔터테인먼트,122870
1671,우리기술투자,041190
1672,우리산업,215360
1673,우주일렉트로,065680
1674,우진비앤지,018620
1675,웹케시,053580
1676,위니아딤채,071460
1677,위지윅스튜디오,299900
1678,윈스,136540
1679,유라테크,048430
1680,유앤아이,056090
1681,유틸렉스,263050
1682,이그잭스,060230
1683,이니텍,053350
1684,이더블유케이,258610
1685,이베스트투자증권,078020
1686,인바디,041830
1687,인산가,277410
1688,인지디스플레,037330
1689,인콘,083640
1690,인크로스,216050
1691,인터엠,017250
1692,일지테크,019540
1693,자안,221610
1694,제이엠아이,033050
1695,조이맥스,101730
1696,지노믹트리,228760
1697,지니틱스,303030
1698,진로발효,018120
1699,체리부로,066360
1700,컴투스,078340
1701,케이디켐,221980
1702,케이씨티,089150
1703,케이피에스,256940
1704,코디,080530
1705,코리아에스이,101670
1706,코스나인,082660
1707,코아스템,166480
1708,큐렉소,060280
1709,큐로컴,040350
1710,큐브앤컴퍼니,043090
1711,크리스탈,083790
1712,태양,053620
1713,테라젠이텍스,066700
1714,테크윙,089030
1715,티엘아이,062860
1716,티움바이오,321550
1717,파인테크닉스,106240
1718,팜스빌,318010
1719,팬스타엔터프라이즈,054300
1720,펄어비스,263750
1721,평화정공,043370
1722,포메탈,119500
1723,포스코 ICT,022100
1724,피씨엘,241820
1725,피피아이,062970
1726,하나금융11호스팩,284620
1727,하나금융13호스팩,320000
1728,하나금융9호스팩,261200
1729,하이제4호스팩,317240
1730,한국제8호스팩,310870
1731,한류타임즈,039670
1732,한솔인티큐브,070590
1733,한스바이오메드,042520
1734,한창산업,079170
1735,한화에스비아이스팩,317320
1736,한화에이스스팩4호,279410
1737,해덕파워웨이,102210
1738,현대공업,170030
1739,화신정공,126640
1740,휴마시스,205470
1741,휴비츠,065510
1742,흥국,010240
1743,굿센,243870
1744,라이프사이언스테크놀로지,285770
1745,메디안디노스틱,233250
1746,바이오시네틱스,281310
1747,바이옵트로,222160
1748,수프로,185190
1749,에브리봇,270660
1750,에이원알폼,234070
1751,엠로,058970
1752,원텍,216280
1753,유니포인트,121060
1754,유비온,084440
1755,케어룸의료산업,327970
1756,탑선,180060
1757,BGF,027410
1758,BNK금융지주,138930
1759,DB하이텍,000990
1760,HSD엔진,082740
1761,KG케미칼,001390
1762,KTB투자증권,030210
1763,KTcs,058850
1764,LG생활건강,051900
1765,NICE,034310
1766,SG세계물산,004060
1767,SIMPAC,009160
1768,SK가스,018670
1769,SK디앤디,210980
1770,SK렌터카,068400
1771,STX엔진,077970
1772,STX중공업,071970
1773,TCC스틸,002710
1774,가온전선,000500
1775,경보제약,214390
1776,계양전기,012200
1777,고려산업,002140
1778,광전자,017900
1779,넥센,005720
1780,넥스트사이언스,003580
1781,농심,004370
1782,다우기술,023590
1783,대림씨엔에스,004440
1784,대성산업,128820
1785,대유플러스,000300
1786,대한전선,001440
1787,대한제분,001130
1788,대한항공,003490
1789,대한화섬,003830
1790,동남합성,023450
1791,동방,004140
1792,동아타이어,282690
1793,동양피스톤,092780
1794,동원시스템즈,014820
1795,두산밥캣,241560
1796,디와이파워,210540
1797,롯데리츠,330590
1798,메리츠금융지주,138040
1799,무림P&P,009580
1800,미원상사,002840
1801,방림,003610
1802,보령제약,003850
1803,사조오양,006090
1804,삼아알미늄,006110
1805,삼양사,145990
1806,삼호개발,010960
1807,삼화전자공업,011230
1808,삼화페인트공업,000390
1809,성문전자,014910
1810,세아베스틸,001430
1811,세아제강지주,003030
1812,쌍방울,102280
1813,쌍용양회공업,003410
1814,씨에스윈드,112610
1815,아남전자,008700
1816,아세아제지,002310
1817,에스엘,005850
1818,에쓰씨엔지니어링,023960
1819,에어부산,298690
1820,엔케이물산,009810
1821,영원무역,111770
1822,영흥,012160
1823,오리엔트바이오,002630
1824,오리온홀딩스,001800
1825,용평리조트,070960
1826,웅진,016880
1827,원림,005820
1828,유니퀘스트,077500
1829,이엔플러스,074610
1830,일동제약,249420
1831,일신석재,007110
1832,일양약품,007570
1833,주연테크,044380
1834,지코,010580
1835,진양산업,003780
1836,케이비아이동국실업,001620
1837,케이씨,029460
1838,케이티스카이라이프,053210
1839,코오롱,002020
1840,키움증권,039490
1841,티웨이홀딩스,004870
1842,파미셀,005690
1843,평화홀딩스,010770
1844,풀무원,017810
1845,하이트진로홀딩스,000140
1846,한국단자공업,025540
1847,한국쉘석유,002960
1848,한국조선해양,009540
1849,한국카본,017960
1850,한국타이어앤테크놀로지,161390
1851,한농화성,011500
1852,한신공영,004960
1853,한익스프레스,014130
1854,한전기술,052690
1855,한진칼,180640
1856,한화투자증권,003530
1857,현대글로비스,086280
1858,화승알앤에이,013520
1859,효성티앤씨,298020
1860,GRT,900290
1861,GV,045890
1862,HB테크놀러지,078150
1863,IBKS제12호스팩,335870
1864,IBKS제7호스팩,276920
1865,ISC,095340
1866,KD,044180
1867,KG이니시스,035600
1868,MP한강,219550
1869,NE능률,053290
1870,NHN한국사이버결제,060250
1871,SBI인베스트먼트,019550
1872,SG,255220
1873,고려제약,014570
1874,국일제지,078130
1875,글로스퍼랩스,032860
1876,금강철강,053260
1877,기가레인,049080
1878,나노스,151910
1879,나노캠텍,091970
1880,나라엠앤디,051490
1881,나우IB,293580
1882,내츄럴엔도텍,168330
1883,네오펙트,290660
1884,녹십자엠에스,142280
1885,녹십자웰빙,234690
1886,뉴로스,126870
1887,뉴지랩,214870
1888,대동기어,008830
1889,대륙제관,004780
1890,대명소노시즌,007720
1891,대모,317850
1892,대성엘텍,025440
1893,대성창투,027830
1894,대양제지,006580
1895,대정화금,120240
1896,대창스틸,140520
1897,덕우전자,263600
1898,동국S&C,100130
1899,동성화인텍,033500
1900,동양에스텍,060380
1901,동양이엔피,079960
1902,동일철강,023790
1903,드래곤플라이,030350
1904,디스플레이텍,066670
1905,디에스케이,109740
1906,디오스텍,196450
1907,디자인,227100
1908,디젠스,113810
1909,디케이디앤아이,033310
1910,레이,228670
1911,리메드,302550
1912,마이크로텍,227950
1913,매일유업,267980
1914,맥스로텍,141070
1915,멀티캠퍼스,067280
1916,메디프론,065650
1917,명성티엔에스,257370
1918,모바일어플라이언스,087260
1919,미투온,201490
1920,바이오로그디바이스,208710
1921,바이오솔루션,086820
1922,바이오톡스텍,086040
1923,버추얼텍,036620
1924,베스파,299910
1925,빅솔론,093190
1926,삼목에스폼,018310
1927,삼성스팩2호,291230
1928,상상인,038540
1929,상신전자,263810
1930,서진시스템,178320
1931,서플러스글로벌,140070
1932,선익시스템,171090
1933,세틀뱅크,234340
1934,센트럴바이오,051980
1935,셀리버리,268600
1936,셀트리온헬스케어,091990
1937,소리바다,053110
1938,소프트센,032680
1939,솔고바이오,043100
1940,쇼박스,086980
1941,스타모빌리티,158310
1942,시스웍,269620
1943,신진에스엠,138070
1944,심텍홀딩스,036710
1945,쎌바이오텍,049960
1946,씨티케이코스메틱스,260930
1947,아모그린텍,125210
1948,아미노로직스,074430
1949,아이디스,143160
1950,아이앤씨,052860
1951,아이에스이커머스,069920
1952,아이엠,101390
1953,아이엠텍,226350
1954,아진엑스텍,059120
1955,아톤,158430
1956,알엔투테크놀로지,148250
1957,액토즈소프트,052790
1958,앤씨앤,092600
1959,에너토크,019990
1960,에스엠,041510
1961,에스티아이,039440
1962,에이아이비트,039230
1963,에이치케이,044780
1964,에이텍,045660
1965,에코프로,086520
1966,오리엔탈정공,014940
1967,오리콤,010470
1968,오스템,031510
1969,우리기술,032820
1970,우리로,046970
1971,우정바이오,215380
1972,월덱스,101160
1973,웰크론한텍,076080
1974,웹스,196700
1975,윙입푸드,900340
1976,유니셈,036200
1977,유니트론텍,142210
1978,유진기업,023410
1979,유진로봇,056080
1980,율호,072770
1981,이라이콤,041520
1982,이스트아시아홀딩스,900110
1983,이엑스티,226360
1984,이엔에프테크놀로지,102710
1985,이원컴포텍,088290
1986,이크레더블,092130
1987,이화전기,024810
1988,인트론바이오,048530
1989,인프라웨어,041020
1990,일진파워,094820
1991,자비스,254120
1992,제노포커스,187420
1993,제룡산업,147830
1994,제이에스티나,026040
1995,젬백스링크,064800
1996,조이시티,067000
1997,중앙에너비스,000440
1998,지에스이,053050
1999,지엘팜텍,204840
2000,차바이오텍,085660
2001,창해에탄올,004650
2002,청담러닝,096240
2003,컬러레이,900310
2004,케어랩스,263700
2005,케이엔제이,272110
2006,케이엠,083550
2007,케이엠제약,225430
2008,케이프,064820
2009,켐트로닉스,089010
2010,켐트로스,220260
2011,코닉글로리,094860
2012,코다코,046070
2013,코디엠,224060
2014,코리아에프티,123410
2015,코센,009730
2016,큐로홀딩스,051780
2017,태광,023160
2018,투비소프트,079970
2019,티피씨글로벌,130740
2020,파크시스템스,140860
2021,파트론,091700
2022,파티게임즈,194510
2023,팬젠,222110
2024,포스코엠텍,009520
2025,포인트엔지니어링,256630
2026,포티스,141020
2027,퓨쳐스트림네트웍스,214270
2028,피앤씨테크,237750
2029,피앤이솔루션,131390
2030,필로시스헬스케어,057880
2031,하나머스트제6호스팩,307160
2032,하림지주,003380
2033,하이제5호스팩,340120
2034,하이텍팜,106190
2035,한국가구,004590
2036,한국정밀기계,101680
2037,한빛소프트,047080
2038,한송네오텍,226440
2039,현대통신,039010
2040,화일약품,061250
2041,화진,134780
2042,휘닉스소재,050090
2043,휴림로봇,090710
2044,휴온스글로벌,084110
2045,대동고려삼,178600
2046,더콘텐츠온,302920
2047,미애부,225850
2048,볼빅,206950
2049,스템랩,258540
2050,아이피몬스터,223220
2051,안지오랩,251280
2052,에스엔피제네틱스,086460
2053,에이비온,203400
2054,에이펙스인텍,207490
2055,엔솔바이오사이언스,140610
2056,엔에스컴퍼니,224760
2057,이비테크,208850
2058,인터코스,240340
2059,질경이,233990
2060,크로넥스,215570
2061,티씨엠생명과학,228180
2062,판도라티비,202960
2063,프로테옴텍,303360
2064,BYC,001460
2065,JB금융지주,175330
2066,LS네트웍스,000680
2067,SK,034730
2068,SK디스커버리,006120
2069,SK케미칼,285130
2070,강남제비스코,000860
2071,경동나비엔,009450
2072,광명전기,017040
2073,그린케미칼,083420
2074,금호석유화학,011780
2075,깨끗한나라,004540
2076,남광토건,001260
2077,노루홀딩스,000320
2078,대동공업,000490
2079,대상홀딩스,084690
2080,대성에너지,117580
2081,대우부품,009320
2082,대창단조,015230
2083,도화엔지니어링,002150
2084,동성화학,005190
2085,동아에스티,170900
2086,동아지질,028100
2087,동양물산기업,002900
2088,동일고무벨트,163560
2089,동일산업,004890
2090,동일제강,002690
2091,두올,016740
2092,롯데푸드,002270
2093,롯데하이마트,071840
2094,모나리자,012690
2095,무림페이퍼,009200
2096,미래산업,025560
2097,미래에셋대우,006800
2098,보해양조,000890
2099,삼화콘덴서공업,001820
2100,상신브레이크,041650
2101,서울도시가스,017390
2102,성안,011300
2103,세화아이엠씨,145210
2104,신대양제지,016590
2105,신흥,004080
2106,애경유화,161000
2107,에이프로젠제약,003060
2108,영풍제지,006740
2109,우리들제약,004720
2110,우리종금,010050
2111,우진아이엔에스,010400
2112,웅진씽크빅,095720
2113,유수홀딩스,000700
2114,유엔젤,072130
2115,율촌화학,008730
2116,이노션,214320
2117,이화산업,000760
2118,인팩,023810
2119,일신방직,003200
2120,일진디스플,020760
2121,제주은행,006220
2122,진양홀딩스,100250
2123,천일고속,000650
2124,체시스,033250
2125,카프로,006380
2126,케이티앤지,033780
2127,코스맥스,192820
2128,폴루스바이오팜,007630
2129,풍산,103140
2130,하나금융지주,086790
2131,하이골드12호,172580
2132,한국가스공사,036460
2133,한국전력공사,015760
2134,한국항공우주,047810
2135,한성기업,003680
2136,한세예스24홀딩스,016450
2137,한일홀딩스,003300
2138,한창,005110
2139,현대그린푸드,005440
2140,현대로템,064350
2141,현대미포조선,010620
2142,현대백화점,069960
2143,현대약품,004310
2144,현대종합상사,011760
2145,화신,010690
2146,휴켐스,069260
2147,흥국화재,000540
2148,AP시스템,265520
2149,AP위성,211270
2150,S&K폴리텍,091340
2151,SFA반도체,036540
2152,THE MIDONG,161570
2153,YTN,040300
2154,강원,114190
2155,골프존뉴딘홀딩스,121440
2156,글로벌에스엠,900070
2157,금화피에스시,036190
2158,까스텔바작,308100
2159,나무가,190510
2160,네오팜,092730
2161,네온테크,306620
2162,넥스트아이,137940
2163,녹십자랩셀,144510
2164,농우바이오,054050
2165,뉴트리,270870
2166,다나와,119860
2167,다믈멀티미디어,093640
2168,대동스틸,048470
2169,대보마그네틱,290670
2170,대신밸런스제8호스팩,336570
2171,대한광통신,010170
2172,데이타솔루션,263800
2173,덱스터,206560
2174,도이치모터스,067990
2175,동원개발,013120
2176,동일금속,109860
2177,동화기업,025900
2178,드림시큐리티,203650
2179,드림어스컴퍼니,060570
2180,디딤,217620
2181,디에이테크놀로지,196490
2182,디와이피엔에프,104460
2183,디지캡,197140
2184,디지탈옵틱,106520
2185,레몬,294140
2186,로보티즈,108490
2187,로체시스템즈,071280
2188,루멘스,038060
2189,루트로닉,085370
2190,리노공업,058470
2191,마이크로디지탈,305090
2192,마크로젠,038290
2193,매커스,093520
2194,메디아나,041920
2195,멜파스,096640
2196,모다,149940
2197,모바일리더,100030
2198,미래생명자원,218150
2199,미래컴퍼니,049950
2200,바른손,018700
2201,바른전자,064520
2202,바른테크놀로지,029480
2203,배럴,267790
2204,백금T&A,046310
2205,보성파워텍,006910
2206,브이원텍,251630
2207,비씨월드제약,200780
2208,비아트론,141000
2209,빛샘전자,072950
2210,상상인이안제2호스팩,329560
2211,서남,294630
2212,서울리거,043710
2213,서울제약,018680
2214,서전기전,189860
2215,서희건설,035890
2216,성광벤드,014620
2217,세동,053060
2218,세중,039310
2219,세화피앤씨,252500
2220,솔브레인,036830
2221,솔트웍스,230980
2222,슈프리마아이디,317770
2223,스카이이앤엠,131100
2224,신영스팩6호,344050
2225,신일제약,012790
2226,싸이맥스,160980
2227,썸에이지,208640
2228,쎄노텍,222420
2229,쏠리드,050890
2230,씨아이에스,222080
2231,씨에스베어링,297090
2232,아난티,025980
2233,아바코,083930
2234,아이스크림에듀,289010
2235,아이텍,119830
2236,알로이스,297570
2237,양지사,030960
2238,에스씨디,042110
2239,에스텍,069510
2240,에스폴리텍,050760
2241,에스피시스템스,317830
2242,에이디테크놀로지,200710
2243,에이씨티,138360
2244,에이치엘비생명과학,067630
2245,에이치엘비파워,043220
2246,에치에프알,230240
2247,엘앤씨바이오,290650
2248,엘앤에프,066970
2249,엘티씨,170920
2250,영우디에스피,143540
2251,영풍정밀,036560
2252,예선테크,250930
2253,오리엔트정공,065500
2254,오상자이엘,053980
2255,오스코텍,039200
2256,오파스넷,173130
2257,올릭스,226950
2258,옴니시스템,057540
2259,옴니텔,057680
2260,와토스코리아,079000
2261,우리이앤엘,153490
2262,우원개발,046940
2263,위즈코프,038620
2264,윈팩,097800
2265,유바이오로직스,206650
2266,유안타제3호스팩,287410
2267,유진스팩4호,321260
2268,이노메트리,302430
2269,이노테라피,246960
2270,이매진아시아,036260
2271,이베스트이안스팩1호,323210
2272,이씨에스,067010
2273,이오테크닉스,039030
2274,인터로조,119610
2275,인터파크홀딩스,035080
2276,인트로메딕,150840
2277,인화정공,101930
2278,자연과환경,043910
2279,정산애강,022220
2280,제넥신,095700
2281,제닉,123330
2282,제이브이엠,054950
2283,제이엔케이히터,126880
2284,제일테크노스,038010
2285,제테마,216080
2286,중앙오션,054180
2287,지와이커머스,111820
2288,진양제약,007370
2289,천랩,311690
2290,캔서롭,180400
2291,케이맥,043290
2292,케이엘넷,039420
2293,케이엠더블유,032500
2294,케이프이에스제4호,347140
2295,코렌텍,104540
2296,코리아나,027050
2297,코오롱티슈진,950160
2298,코윈테크,282880
2299,코콤,015710
2300,큐에스아이,066310
2301,크루셜텍,114120
2302,크리스에프앤씨,110790
2303,클래시스,214150
2304,테스,095610
2305,텔레칩스,054450
2306,텔레필드,091440
2307,톱텍,108230
2308,티비씨,033830
2309,티플랙스,081150
2310,파나진,046210
2311,파이오링크,170790
2312,포비스티앤씨,016670
2313,포시에스,189690
2314,푸른기술,094940
2315,퓨전,195440
2316,프럼파스트,035200
2317,플리토,300080
2318,피제이전자,006140
2319,하림,136480
2320,하이비젼시스템,126700
2321,하츠,066130
2322,한국기업평가,034950
2323,한국정보인증,053300
2324,한국제6호스팩,281410
2325,한네트,052600
2326,한라IMS,092460
2327,한프,066110
2328,해성산업,034810
2329,해성옵틱스,076610
2330,핸디소프트,220180
2331,행남사,008800
2332,홈센타홀딩스,060560
2333,힘스,238490
2334,TS트릴리온,284610
2335,관악산업,076340
2336,나라소프트,288490
2337,라온테크,232680
2338,루켄테크놀러지스,162120
2339,메디젠휴먼케어,236340
2340,바이오코아,216400
2341,셀젠텍,258250
2342,에스케이씨에스,224020
2343,엔에스엠,238170
2344,원바이오젠,278380
2345,이노진,344860
2346,지앤이헬스케어,299480
2347,카이노스메드,220250
2348,코셋,189350
2349,툴젠,199800
2350,파인이엠텍,278990
2351,한국미라클피플사,331660
2352,휴벡셀,212310
